id,file_size,xloc,yloc,upload_rate
0,2,0.005228316039934974,0.016719874899777457,20.0
1,1,0.15977931228890813,0.3976291440420307,24.0
