id,storage_level,congestion_mean,congestion_var,processing_mean,processing_var,distance,xloc,yloc,download_rate
0,inf,1,0,1,0,100,77.77024105738202,62.86326117754862,1300
1,50,0.9726011139048933,0.04534492474173122,0.6090424627612779,0.07755265146048468,5,3.208066723795346,3.835141183278263,54.0
2,5,0.2,0.1,0.2,0.1,0.5,0.11877061001745615,0.4856887297396156,5.5
